id_full;island;id;morph;chela;chela_id
AR_06_HO_left;RA;6;HO;left;one
AR_08_HO_left;RA;8;HO;left;one
AR_12_HO_left;RA;12;HO;left;two
AR_17_HO_left;RA;17;HO;left;one
AR_19_HO_left;RA;19;HO;left;two
AR_27_HO_left;RA;27;HO;left;one
AR_33_HO_left;RA;33;HO;left;one
AR_34_HO_left;RA;34;HO;left;two
AR_37_HO_left;RA;37;HO;left;two
AR_39_HO_left;RA;39;HO;left;two
AR_40_HO_left;RA;40;HO;left;one
AR_41_HO_left;RA;41;HO;left;one
AR_44_HO_left;RA;44;HO;left;two
AR_49_HO_left;RA;49;HO;left;one
AR_56_HO_left;RA;56;HO;left;one
AR_60_HO_left;RA;60;HO;left;one
AR_75_HO_left;RA;75;HO;left;two
AR_77_HO_left;RA;77;HO;left;two
AR_83_HO_left;RA;83;HO;left;two
AR_84_HO_left;RA;84;HO;left;two
AR_06_HO_right;RA;6;HO;right;two
AR_08_HO_right;RA;8;HO;right;two
AR_12_HO_right;RA;12;HO;right;one
AR_17_HO_right;RA;17;HO;right;two
AR_19_HO_right;RA;19;HO;right;one
AR_27_HO_right;RA;27;HO;right;two
AR_33_HO_right;RA;33;HO;right;two
AR_34_HO_right;RA;34;HO;right;one
AR_37_HO_right;RA;37;HO;right;one
AR_39_HO_right;RA;39;HO;right;one
AR_40_HO_right;RA;40;HO;right;two
AR_41_HO_right;RA;41;HO;right;two
AR_44_HO_right;RA;44;HO;right;one
AR_49_HO_right;RA;49;HO;right;two
AR_56_HO_right;RA;56;HO;right;two
AR_60_HO_right;RA;60;HO;right;two
AR_75_HO_right;RA;75;HO;right;one
AR_77_HO_right;RA;77;HO;right;one
AR_83_HO_right;RA;83;HO;right;one
AR_84_HO_right;RA;84;HO;right;one
AR_13_HE_large;RA;13;HE;large;one
AR_20_HE_large;RA;20;HE;large;two
AR_21_HE_large;RA;21;HE;large;two
AR_30_HE_large;RA;30;HE;large;two
AR_38_HE_large;RA;38;HE;large;one
AR_42_HE_large;RA;42;HE;large;one
AR_43_HE_large;RA;43;HE;large;two
AR_45_HE_large;RA;45;HE;large;one
AR_46_HE_large;RA;46;HE;large;one
AR_47_HE_large;RA;47;HE;large;two
AR_48_HE_large;RA;48;HE;large;two
AR_50_HE_large;RA;50;HE;large;two
AR_51_HE_large;RA;51;HE;large;one
AR_61_HE_large;RA;61;HE;large;one
AR_76_HE_large;RA;76;HE;large;one
AR_78_HE_large;RA;78;HE;large;two
AR_79_HE_large;RA;79;HE;large;two
AR_80_HE_large;RA;80;HE;large;two
AR_82_HE_large;RA;82;HE;large;two
AR_85_HE_large;RA;85;HE;large;two
AR_13_HE_small;RA;13;HE;small;two
AR_20_HE_small;RA;20;HE;small;one
AR_21_HE_small;RA;21;HE;small;one
AR_30_HE_small;RA;30;HE;small;one
AR_38_HE_small;RA;38;HE;small;two
AR_42_HE_small;RA;42;HE;small;two
AR_43_HE_small;RA;43;HE;small;one
AR_45_HE_small;RA;45;HE;small;two
AR_46_HE_small;RA;46;HE;small;two
AR_47_HE_small;RA;47;HE;small;one
AR_48_HE_small;RA;48;HE;small;one
AR_50_HE_small;RA;50;HE;small;one
AR_51_HE_small;RA;51;HE;small;two
AR_61_HE_small;RA;61;HE;small;two
AR_76_HE_small;RA;76;HE;small;two
AR_78_HE_small;RA;78;HE;small;one
AR_79_HE_small;RA;79;HE;small;one
AR_80_HE_small;RA;80;HE;small;one
AR_82_HE_small;RA;82;HE;small;one
AR_85_HE_small;RA;85;HE;small;one
AR_86_HE_large;RA;86;HE;large;two
AR_90_HE_large;RA;90;HE;large;one
AR_91_HE_large;RA;91;HE;large;one
AR_114_HE_large;RA;114;HE;large;one
AR_123_HE_large;RA;123;HE;large;one
AR_127_HE_large;RA;127;HE;large;one
AR_125_HE_large;RA;125;HE;large;one
AR_130_HE_large;RA;130;HE;large;one
AR_132_HE_large;RA;132;HE;large;one
AR_133_HE_large;RA;133;HE;large;one
AR_135_HE_large;RA;135;HE;large;two
AR_158_HE_large;RA;158;HE;large;one
AR_174_HE_large;RA;174;HE;large;two
AR_175_HE_large;RA;175;HE;large;two
AR_177_HE_large;RA;177;HE;large;two
AR_178_HE_large;RA;178;HE;large;one
AR_181_HE_large;RA;181;HE;large;two
AR_183_HE_large;RA;183;HE;large;one
AR_86_HE_small;RA;86;HE;small;one
AR_90_HE_small;RA;90;HE;small;two
AR_91_HE_small;RA;91;HE;small;two
AR_114_HE_small;RA;114;HE;small;two
AR_123_HE_small;RA;123;HE;small;two
AR_127_HE_small;RA;127;HE;small;two
AR_125_HE_small;RA;125;HE;small;two
AR_130_HE_small;RA;130;HE;small;two
AR_132_HE_small;RA;132;HE;small;two
AR_133_HE_small;RA;133;HE;small;two
AR_135_HE_small;RA;135;HE;small;one
AR_158_HE_small;RA;158;HE;small;two
AR_174_HE_small;RA;174;HE;small;one
AR_175_HE_small;RA;175;HE;small;one
AR_177_HE_small;RA;177;HE;small;one
AR_178_HE_small;RA;178;HE;small;two
AR_181_HE_small;RA;181;HE;small;one
AR_183_HE_small;RA;183;HE;small;two
AR_87_HO_left;RA;87;HO;left;two
AR_88_HO_left;RA;88;HO;left;one
AR_89_HO_left;RA;89;HO;left;one
AR_118_HO_left;RA;118;HO;left;two
AR_115_HO_left;RA;115;HO;left;two
AR_116_HO_left;RA;116;HO;left;one
AR_117_HO_left;RA;117;HO;left;two
AR_122_HO_left;RA;122;HO;left;one
AR_119_HO_left;RA;119;HO;left;two
AR_120_HO_left;RA;120;HO;left;one
AR_121_HO_left;RA;121;HO;left;one
AR_126_HO_left;RA;126;HO;left;one
AR_124_HO_left;RA;124;HO;left;two
AR_129_HO_left;RA;129;HO;left;one
AR_128_HO_left;RA;128;HO;left;two
AR_131_HO_left;RA;131;HO;left;two
AR_134_HO_left;RA;134;HO;left;one
AR_176_HO_left;RA;176;HO;left;one
AR_180_HO_left;RA;180;HO;left;one
AR_179_HO_left;RA;179;HO;left;one
AR_182_HO_left;RA;182;HO;left;one
AR_87_HO_right;RA;87;HO;right;one
AR_88_HO_right;RA;88;HO;right;two
AR_89_HO_right;RA;89;HO;right;two
AR_118_HO_right;RA;118;HO;right;one
AR_115_HO_right;RA;115;HO;right;one
AR_116_HO_right;RA;116;HO;right;two
AR_117_HO_right;RA;117;HO;right;one
AR_122_HO_right;RA;122;HO;right;two
AR_119_HO_right;RA;119;HO;right;one
AR_120_HO_right;RA;120;HO;right;two
AR_121_HO_right;RA;121;HO;right;two
AR_126_HO_right;RA;126;HO;right;two
AR_124_HO_right;RA;124;HO;right;one
AR_129_HO_right;RA;129;HO;right;two
AR_128_HO_right;RA;128;HO;right;one
AR_131_HO_right;RA;131;HO;right;one
AR_134_HO_right;RA;134;HO;right;two
AR_176_HO_right;RA;176;HO;right;two
AR_180_HO_right;RA;180;HO;right;two
AR_179_HO_right;RA;179;HO;right;two
AR_182_HO_right;RA;182;HO;right;two
FN_04_HE_large;FN;4;HE;large;one
FN_05_HE_large;FN;5;HE;large;two
FN_09_HE_large;FN;9;HE;large;one
FN_10_HE_large;FN;10;HE;large;two
FN_19_HE_large;FN;19;HE;large;two
FN_20_HE_large;FN;20;HE;large;two
FN_21_HE_large;FN;21;HE;large;one
FN_22_HE_large;FN;22;HE;large;one
FN_23_HE_large;FN;23;HE;large;two
FN_25_HE_large;FN;25;HE;large;two
FN_26_HE_large;FN;26;HE;large;one
FN_30_HE_large;FN;30;HE;large;two
FN_31_HE_large;FN;31;HE;large;one
FN_32_HE_large;FN;32;HE;large;one
FN_33_HE_large;FN;33;HE;large;two
FN_37_HE_large;FN;37;HE;large;two
FN_34_HE_large;FN;34;HE;large;two
FN_35_HE_large;FN;35;HE;large;two
FN_39_HE_large;FN;39;HE;large;two
FN_41_HE_large;FN;41;HE;large;two
FN_04_HE_small;FN;4;HE;small;two
FN_05_HE_small;FN;5;HE;small;one
FN_09_HE_small;FN;9;HE;small;two
FN_10_HE_small;FN;10;HE;small;one
FN_19_HE_small;FN;19;HE;small;one
FN_20_HE_small;FN;20;HE;small;one
FN_21_HE_small;FN;21;HE;small;two
FN_22_HE_small;FN;22;HE;small;two
FN_23_HE_small;FN;23;HE;small;one
FN_25_HE_small;FN;25;HE;small;one
FN_26_HE_small;FN;26;HE;small;two
FN_30_HE_small;FN;30;HE;small;one
FN_31_HE_small;FN;31;HE;small;two
FN_32_HE_small;FN;32;HE;small;two
FN_33_HE_small;FN;33;HE;small;one
FN_37_HE_small;FN;37;HE;small;one
FN_34_HE_small;FN;34;HE;small;one
FN_35_HE_small;FN;35;HE;small;one
FN_39_HE_small;FN;39;HE;small;one
FN_41_HE_small;FN;41;HE;small;one
FN_02_HO_left;FN;2;HO;left;one
FN_06_HO_left;FN;6;HO;left;one
FN_17_HO_left;FN;17;HO;left;one
FN_12_HO_left;FN;12;HO;left;two
FN_13_HO_left;FN;13;HO;left;two
FN_14_HO_left;FN;14;HO;left;one
FN_24_HO_left;FN;24;HO;left;one
FN_38_HO_left;FN;38;HO;left;two
FN_40_HO_left;FN;40;HO;left;one
FN_44_HO_left;FN;44;HO;left;two
FN_46_HO_left;FN;46;HO;left;one
FN_51_HO_left;FN;51;HO;left;one
FN_53_HO_left;FN;53;HO;left;two
FN_55_HO_left;FN;55;HO;left;two
FN_58_HO_left;FN;58;HO;left;one
FN_59_HO_left;FN;59;HO;left;one
FN_61_HO_left;FN;61;HO;left;one
FN_67_HO_left;FN;67;HO;left;two
FN_66_HO_left;FN;66;HO;left;two
FN_69_HO_left;FN;69;HO;left;two
FN_83_HO_left;FN;83;HO;left;one
FN_85_HO_left;FN;85;HO;left;one
FN_88_HO_left;FN;88;HO;left;one
FN_02_HO_right;FN;2;HO;right;two
FN_06_HO_right;FN;6;HO;right;two
FN_12_HO_right;FN;12;HO;right;one
FN_13_HO_right;FN;13;HO;right;one
FN_14_HO_right;FN;14;HO;right;two
FN_17_HO_right;FN;17;HO;right;two
FN_24_HO_right;FN;24;HO;right;two
FN_38_HO_right;FN;38;HO;right;one
FN_40_HO_right;FN;40;HO;right;two
FN_44_HO_right;FN;44;HO;right;one
FN_46_HO_right;FN;46;HO;right;two
FN_51_HO_right;FN;51;HO;right;two
FN_53_HO_right;FN;53;HO;right;one
FN_55_HO_right;FN;55;HO;right;one
FN_58_HO_right;FN;58;HO;right;two
FN_59_HO_right;FN;59;HO;right;two
FN_61_HO_right;FN;61;HO;right;two
FN_67_HO_right;FN;67;HO;right;one
FN_66_HO_right;FN;66;HO;right;one
FN_69_HO_right;FN;69;HO;right;one
FN_83_HO_right;FN;83;HO;right;two
FN_85_HO_right;FN;85;HO;right;two
FN_88_HO_right;FN;88;HO;right;two
FN_43_HE_large;FN;43;HE;large;two
FN_45_HE_large;FN;45;HE;large;two
FN_50_HE_large;FN;50;HE;large;two
FN_48_HE_large;FN;48;HE;large;two
FN_49_HE_large;FN;49;HE;large;one
FN_52_HE_large;FN;52;HE;large;two
FN_54_HE_large;FN;54;HE;large;two
FN_56_HE_large;FN;56;HE;large;one
FN_57_HE_large;FN;57;HE;large;one
FN_60_HE_large;FN;60;HE;large;two
FN_62_HE_large;FN;62;HE;large;two
FN_63_HE_large;FN;63;HE;large;one
FN_64_HE_large;FN;64;HE;large;one
FN_65_HE_large;FN;65;HE;large;two
FN_68_HE_large;FN;68;HE;large;two
FN_75_HE_large;FN;75;HE;large;one
FN_82_HE_large;FN;82;HE;large;one
FN_84_HE_large;FN;84;HE;large;one
FN_86_HE_large;FN;86;HE;large;one
FN_87_HE_large;FN;87;HE;large;two
FN_90_HE_large;FN;90;HE;large;one
FN_91_HE_large;FN;91;HE;large;two
FN_93_HE_large;FN;93;HE;large;one
FN_94_HE_large;FN;94;HE;large;one
FN_43_HE_small;FN;43;HE;small;one
FN_45_HE_small;FN;45;HE;small;one
FN_48_HE_small;FN;48;HE;small;one
FN_49_HE_small;FN;49;HE;small;two
FN_50_HE_small;FN;50;HE;small;one
FN_52_HE_small;FN;52;HE;small;one
FN_54_HE_small;FN;54;HE;small;one
FN_56_HE_small;FN;56;HE;small;two
FN_57_HE_small;FN;57;HE;small;two
FN_60_HE_small;FN;60;HE;small;one
FN_62_HE_small;FN;62;HE;small;one
FN_63_HE_small;FN;63;HE;small;two
FN_64_HE_small;FN;64;HE;small;two
FN_65_HE_small;FN;65;HE;small;one
FN_68_HE_small;FN;68;HE;small;one
FN_75_HE_small;FN;75;HE;small;two
FN_82_HE_small;FN;82;HE;small;two
FN_84_HE_small;FN;84;HE;small;two
FN_86_HE_small;FN;86;HE;small;two
FN_87_HE_small;FN;87;HE;small;one
FN_90_HE_small;FN;90;HE;small;two
FN_91_HE_small;FN;91;HE;small;one
FN_93_HE_small;FN;93;HE;small;two
FN_94_HE_small;FN;94;HE;small;two
TR_06_HO_left;TR;6;HO;left;one
TR_11_HO_left;TR;11;HO;left;one
TR_13_HO_left;TR;13;HO;left;two
TR_20_HO_left;TR;20;HO;left;one
TR_24_HO_left;TR;24;HO;left;one
TR_26_HO_left;TR;26;HO;left;two
TR_27_HO_left;TR;27;HO;left;one
TR_28_HO_left;TR;28;HO;left;two
TR_29_HO_left;TR;29;HO;left;two
TR_43_HO_left;TR;43;HO;left;one
TR_44_HO_left;TR;44;HO;left;two
TR_50_HO_left;TR;50;HO;left;one
TR_53_HO_left;TR;53;HO;left;two
TR_52_HO_left;TR;52;HO;left;two
TR_61_HO_left;TR;61;HO;left;two
TR_62_HO_left;TR;62;HO;left;one
TR_70_HO_left;TR;70;HO;left;two
TR_73_HO_left;TR;73;HO;left;two
TR_74_HO_left;TR;74;HO;left;two
TR_06_HO_right;TR;6;HO;right;two
TR_11_HO_right;TR;11;HO;right;two
TR_13_HO_right;TR;13;HO;right;one
TR_20_HO_right;TR;20;HO;right;two
TR_24_HO_right;TR;24;HO;right;two
TR_26_HO_right;TR;26;HO;right;one
TR_27_HO_right;TR;27;HO;right;two
TR_28_HO_right;TR;28;HO;right;one
TR_29_HO_right;TR;29;HO;right;one
TR_43_HO_right;TR;43;HO;right;two
TR_44_HO_right;TR;44;HO;right;one
TR_50_HO_right;TR;50;HO;right;two
TR_52_HO_right;TR;52;HO;right;one
TR_53_HO_right;TR;53;HO;right;one
TR_61_HO_right;TR;61;HO;right;one
TR_62_HO_right;TR;62;HO;right;two
TR_70_HO_right;TR;70;HO;right;one
TR_73_HO_right;TR;73;HO;right;one
TR_74_HO_right;TR;74;HO;right;one
TR_07_HE_large;TR;7;HE;large;one
TR_10_HE_large;TR;10;HE;large;two
TR_30_HE_large;TR;30;HE;large;two
TR_31_HE_large;TR;31;HE;large;one
TR_32_HE_large;TR;32;HE;large;two
TR_48_HE_large;TR;48;HE;large;one
TR_59_HE_large;TR;59;HE;large;two
TR_60_HE_large;TR;60;HE;large;two
TR_63_HE_large;TR;63;HE;large;one
TR_64_HE_large;TR;64;HE;large;one
TR_65_HE_large;TR;65;HE;large;two
TR_66_HE_large;TR;66;HE;large;one
TR_67_HE_large;TR;67;HE;large;one
TR_68_HE_large;TR;68;HE;large;one
TR_69_HE_large;TR;69;HE;large;two
TR_71_HE_large;TR;71;HE;large;two
TR_72_HE_large;TR;72;HE;large;two
TR_75_HE_large;TR;75;HE;large;one
TR_76_HE_large;TR;76;HE;large;one
TR_77_HE_large;TR;77;HE;large;one
TR_07_HE_small;TR;7;HE;small;two
TR_10_HE_small;TR;10;HE;small;one
TR_30_HE_small;TR;30;HE;small;one
TR_31_HE_small;TR;31;HE;small;two
TR_32_HE_small;TR;32;HE;small;one
TR_48_HE_small;TR;48;HE;small;two
TR_59_HE_small;TR;59;HE;small;one
TR_60_HE_small;TR;60;HE;small;one
TR_63_HE_small;TR;63;HE;small;two
TR_64_HE_small;TR;64;HE;small;two
TR_65_HE_small;TR;65;HE;small;one
TR_66_HE_small;TR;66;HE;small;two
TR_67_HE_small;TR;67;HE;small;two
TR_68_HE_small;TR;68;HE;small;two
TR_69_HE_small;TR;69;HE;small;one
TR_71_HE_small;TR;71;HE;small;one
TR_72_HE_small;TR;72;HE;small;one
TR_75_HE_small;TR;75;HE;small;two
TR_76_HE_small;TR;76;HE;small;two
TR_77_HE_small;TR;77;HE;small;two
TR_78_HE_large;TR;78;HE;large;one
TR_79_HE_large;TR;79;HE;large;two
TR_80_HE_large;TR;80;HE;large;one
TR_84_HE_large;TR;84;HE;large;two
TR_85_HE_large;TR;85;HE;large;two
TR_90_HE_large;TR;90;HE;large;one
TR_93_HE_large;TR;93;HE;large;two
TR_97_HE_large;TR;97;HE;large;two
TR_99_HE_large;TR;99;HE;large;one
TR_102_HE_large;TR;102;HE;large;one
TR_104_HE_large;TR;104;HE;large;two
TR_114_HE_large;TR;114;HE;large;two
TR_117_HE_large;TR;117;HE;large;one
TR_121_HE_large;TR;121;HE;large;one
TR_122_HE_large;TR;122;HE;large;one
TR_125_HE_large;TR;125;HE;large;one
TR_130_HE_large;TR;130;HE;large;one
TR_132_HE_large;TR;132;HE;large;two
TR_129_HE_large;TR;129;HE;large;one
TR_136_HE_large;TR;136;HE;large;one
TR_137_HE_large;TR;137;HE;large;two
TR_78_HE_small;TR;78;HE;small;two
TR_79_HE_small;TR;79;HE;small;one
TR_80_HE_small;TR;80;HE;small;two
TR_84_HE_small;TR;84;HE;small;one
TR_85_HE_small;TR;85;HE;small;one
TR_90_HE_small;TR;90;HE;small;two
TR_93_HE_small;TR;93;HE;small;one
TR_97_HE_small;TR;97;HE;small;one
TR_99_HE_small;TR;99;HE;small;two
TR_102_HE_small;TR;102;HE;small;two
TR_104_HE_small;TR;104;HE;small;one
TR_114_HE_small;TR;114;HE;small;one
TR_117_HE_small;TR;117;HE;small;two
TR_121_HE_small;TR;121;HE;small;two
TR_122_HE_small;TR;122;HE;small;two
TR_125_HE_small;TR;125;HE;small;two
TR_130_HE_small;TR;130;HE;small;two
TR_132_HE_small;TR;132;HE;small;one
TR_129_HE_small;TR;129;HE;small;two
TR_136_HE_small;TR;136;HE;small;two
TR_137_HE_small;TR;137;HE;small;one
TR_81_HO_left;TR;81;HO;left;one
TR_86_HO_left;TR;86;HO;left;two
TR_87_HO_left;TR;87;HO;left;two
TR_88_HO_left;TR;88;HO;left;one
TR_89_HO_left;TR;89;HO;left;two
TR_92_HO_left;TR;92;HO;left;two
TR_94_HO_left;TR;94;HO;left;two
TR_95_HO_left;TR;95;HO;left;two
TR_96_HO_left;TR;96;HO;left;two
TR_109_HO_left;TR;109;HO;left;one
TR_110_HO_left;TR;110;HO;left;two
TR_111_HO_left;TR;111;HO;left;one
TR_112_HO_left;TR;112;HO;left;two
TR_115_HO_left;TR;115;HO;left;two
TR_116_HO_left;TR;116;HO;left;two
TR_123_HO_left;TR;123;HO;left;two
TR_124_HO_left;TR;124;HO;left;one
TR_126_HO_left;TR;126;HO;left;two
TR_128_HO_left;TR;128;HO;left;one
TR_131_HO_left;TR;131;HO;left;one
TR_133_HO_left;TR;133;HO;left;two
TR_134_HO_left;TR;134;HO;left;one
TR_135_HO_left;TR;135;HO;left;two
TR_138_HO_left;TR;138;HO;left;one
TR_81_HO_right;TR;81;HO;right;two
TR_86_HO_right;TR;86;HO;right;one
TR_87_HO_right;TR;87;HO;right;one
TR_88_HO_right;TR;88;HO;right;two
TR_89_HO_right;TR;89;HO;right;one
TR_92_HO_right;TR;92;HO;right;one
TR_94_HO_right;TR;94;HO;right;one
TR_95_HO_right;TR;95;HO;right;one
TR_96_HO_right;TR;96;HO;right;one
TR_109_HO_right;TR;109;HO;right;two
TR_110_HO_right;TR;110;HO;right;one
TR_111_HO_right;TR;111;HO;right;two
TR_112_HO_right;TR;112;HO;right;one
TR_115_HO_right;TR;115;HO;right;one
TR_116_HO_right;TR;116;HO;right;one
TR_123_HO_right;TR;123;HO;right;one
TR_124_HO_right;TR;124;HO;right;two
TR_126_HO_right;TR;126;HO;right;one
TR_128_HO_right;TR;128;HO;right;two
TR_131_HO_right;TR;131;HO;right;two
TR_133_HO_right;TR;133;HO;right;one
TR_134_HO_right;TR;134;HO;right;two
TR_135_HO_right;TR;135;HO;right;one
TR_138_HO_right;TR;138;HO;right;two
